{
    "cpu_cycles_pass2_start": 164449300332866,
    "CurCompileModules": [
        "...MASTER...",
        "...MASTER...",
        "top_tb",
        "top_tb"
    ],
    "cycles_program_begin": 164448872693918,
    "perf": [
        {
            "stat": [
                "main",
                "entry",
                0.022117853164672852,
                0.053894999999999998,
                0.011185,
                211392,
                211392,
                0.0,
                0.0,
                1713606881.8056359,
                164448873016070
            ],
            "sub": [
                {
                    "stat": [
                        "doParsingAndDesignResolution",
                        "entry",
                        0.033468961715698242,
                        0.059877,
                        0.013452,
                        267272,
                        268072,
                        0.0,
                        0.0,
                        1713606881.816987,
                        164448899072747
                    ],
                    "sub": []
                },
                {
                    "stat": [
                        "doParsingAndDesignResolution",
                        "exit",
                        0.045610904693603516,
                        0.070013000000000006,
                        0.015443999999999999,
                        268244,
                        268892,
                        0.0,
                        0.0,
                        1713606881.829129,
                        164448927116659
                    ],
                    "sub": []
                },
                {
                    "stat": [
                        "doPostDesignResolutionToVir2Vcs",
                        "entry",
                        0.046900033950805664,
                        0.071257000000000001,
                        0.01549,
                        268392,
                        268892,
                        0.0,
                        0.0,
                        1713606881.8304181,
                        164448930084669
                    ],
                    "sub": [
                        {
                            "stat": [
                                "doUptoVir2VcsNoSepCleanup",
                                "entry",
                                0.052724838256835938,
                                0.075991000000000003,
                                0.016563999999999999,
                                269392,
                                269396,
                                0.0,
                                0.0,
                                1713606881.8362429,
                                164448943439564
                            ],
                            "sub": []
                        },
                        {
                            "stat": [
                                "doUptoVir2VcsNoSepCleanup",
                                "exit",
                                0.15531492233276367,
                                0.122864,
                                0.0264,
                                271196,
                                283544,
                                0.019470999999999999,
                                0.012841999999999999,
                                1713606881.938833,
                                164449179831534
                            ],
                            "sub": []
                        },
                        {
                            "stat": [
                                "doRadify_vir2vcsAll",
                                "entry",
                                0.15541982650756836,
                                0.122951,
                                0.026419000000000002,
                                271196,
                                283544,
                                0.019470999999999999,
                                0.012841999999999999,
                                1713606881.9389379,
                                164449180054144
                            ],
                            "sub": []
                        },
                        {
                            "stat": [
                                "doRadify_vir2vcsAll",
                                "exit",
                                0.16410183906555176,
                                0.130637,
                                0.027342000000000002,
                                271940,
                                283544,
                                0.019470999999999999,
                                0.012841999999999999,
                                1713606881.9476199,
                                164449200119724
                            ],
                            "sub": []
                        }
                    ]
                },
                {
                    "stat": [
                        "doPostDesignResolutionToVir2Vcs",
                        "exit",
                        0.16417694091796875,
                        0.13070100000000001,
                        0.027355999999999998,
                        271940,
                        283544,
                        0.019470999999999999,
                        0.012841999999999999,
                        1713606881.947695,
                        164449200219010
                    ],
                    "sub": []
                },
                {
                    "stat": [
                        "doGAToPass2",
                        "entry",
                        0.16421699523925781,
                        0.13073499999999999,
                        0.027362999999999998,
                        271940,
                        283544,
                        0.019470999999999999,
                        0.012841999999999999,
                        1713606881.9477351,
                        164449200303912
                    ],
                    "sub": [
                        {
                            "stat": [
                                "DoPass2",
                                "entry",
                                0.20756387710571289,
                                0.132049,
                                0.029457000000000001,
                                270384,
                                283544,
                                0.040163999999999998,
                                0.026682000000000001,
                                1713606881.991082,
                                164449300291776
                            ],
                            "sub": []
                        },
                        {
                            "stat": [
                                "DoPass2",
                                "exit",
                                0.34096503257751465,
                                0.25997199999999998,
                                0.034258999999999998,
                                284660,
                                284688,
                                0.040163999999999998,
                                0.026682000000000001,
                                1713606882.1244831,
                                164449607703223
                            ],