{
    "stat": {
        "realTime": 0.34381413459777832,
        "CodeGen(%)": 38.406705171942498,
        "ru_self_cgstart": {
            "ru_utime_sec": 0.12856699999999999,
            "ru_nivcsw": 7,
            "ru_nvcsw": 29,
            "ru_stime_sec": 0.038251,
            "ru_maxrss_kb": 74468,
            "ru_minflt": 25675,
            "ru_majflt": 0
        },
        "ru_childs_end": {
            "ru_utime_sec": 0.044936999999999998,
            "ru_nivcsw": 19,
            "ru_nvcsw": 27,
            "ru_stime_sec": 0.031312,
            "ru_maxrss_kb": 24272,
            "ru_minflt": 10896,
            "ru_majflt": 0
        },
        "mop/quad": 2.4781442746044515,
        "nMops": 9241,
        "ru_childs_cgstart": {
            "ru_utime_sec": 0.044936999999999998,
            "ru_nivcsw": 19,
            "ru_nvcsw": 27,
            "ru_stime_sec": 0.031312,
            "ru_maxrss_kb": 24272,
            "ru_minflt": 10896,
            "ru_majflt": 0
        },
        "nQuads": 3729,
        "cpu_cycles_cgstart": 176615049382649,
        "totalObjSize": 258956,
        "peak_mem_kb": 283724,
        "ru_self_end": {
            "ru_utime_sec": 0.23675599999999999,
            "ru_nivcsw": 11,
            "ru_nvcsw": 29,
            "ru_stime_sec": 0.046524000000000003,
            "ru_maxrss_kb": 87292,
            "ru_minflt": 29757,
            "ru_majflt": 0
        },
        "cpu_cycles_end": 176615318899631,
        "outputSizePerQuad": 69.443818718155001,
        "cpu_cycles_total": 742996236,
        "mopSpeed": 85415.337973361442,
        "Frontend(%)": 61.593294828057502,
        "quadSpeed": 34467.459723262073
    },
    "NameTable": {
        "top_tb": [
            "top_tb",
            "W0eJz",
            "module",
            1
        ],
        "...MASTER...": [
            "SIM",
            "amcQw",
            "module",
            2
        ]
    },
    "cycles_program_begin": 176614575903395,
    "perf": [
        {
            "stat": [
                "main",
                "entry",
                0.021362066268920898,
                0.050084999999999998,
                0.014023000000000001,
                211392,
                211392,
                0.0,
                0.0,
                1710764432.39535,
                176614576201257
            ],
            "sub": [
                {
                    "stat": [
                        "doParsingAndDesignResolution",
                        "entry",
                        0.034715175628662109,
                        0.056341000000000002,
                        0.017413999999999999,
                        267268,
                        268068,
                        0.0,
                        0.0,
                        1710764432.4087031,
                        176614606897474
                    ],
                    "sub": []
                },
                {
                    "stat": [
                        "doParsingAndDesignResolution",
                        "exit",
                        0.047533035278320312,
                        0.066890000000000005,
                        0.019293000000000001,
                        268176,
                        268824,
                        0.0,
                        0.0,
                        1710764432.4215209,
                        176614636468867
                    ],
                    "sub": []
                },
                {
                    "stat": [
                        "doPostDesignResolutionToVir2Vcs",
                        "entry",
                        0.048868179321289062,
                        0.067145999999999997,
                        0.020347000000000001,
                        268344,
                        268824,
                        0.0,
                        0.0,
                        1710764432.4228561,
                        176614639543733
                    ],
                    "sub": [
                        {
                            "stat": [
                                "doUptoVir2VcsNoSepCleanup",
                                "entry",
                                0.057180166244506836,
                                0.073949000000000001,
                                0.021857000000000001,
                                269344,
                                269348,
                                0.0,
                                0.0,
                                1710764432.4311681,
                                176614658667242
                            ],
                            "sub": []
                        },
                        {
                            "stat": [
                                "doUptoVir2VcsNoSepCleanup",
                                "exit",
                                0.1764681339263916,
                                0.122352,
                                0.034044999999999999,
                                271108,
                                283456,
                                0.018877999999999999,
                                0.016884,
                                1710764432.550456,
                                176614933551434
                            ],
                            "sub": []
                        },
                        {
                            "stat": [
                                "doRadify_vir2vcsAll",
                                "entry",
                                0.17657303810119629,
                                0.122435,
                                0.034068000000000001,
                                271108,
                                283456,
                                0.018877999999999999,
                                0.016884,
                                1710764432.550561,
                                176614933742750
                            ],
                            "sub": []
                        },
                        {
                            "stat": [
                                "doRadify_vir2vcsAll",
                                "exit",
                                0.18473601341247559,
                                0.12778500000000001,
                                0.036205000000000001,
                                271812,
                                283456,
                                0.018877999999999999,
                                0.016884,
                                1710764432.5587239,
                                176614952771150
                            ],
                            "sub": []
                        }
                    ]
                },
                {
                    "stat": [
                        "doPostDesignResolutionToVir2Vcs",
                        "exit",
                        0.18490219116210938,
                        0.12778500000000001,
                        0.036373000000000003,
                        271812,
                        283456,
                        0.018877999999999999,
                        0.016884,
                        1710764432.5588901,
                        176614952954128
                    ],
                    "sub": []
                },
                {
                    "stat": [
                        "doGAToPass2",
                        "entry",
                        0.18495607376098633,
                        0.12778500000000001,
                        0.036427000000000001,
                        271812,
                        283456,
                        0.018877999999999999,
                        0.016884,
                        1710764432.558944,
                        176614953389719
                    ],